{
  "GET slots" : {
    "transaction" : "GET slots",
    "sampleCount" : 100,
    "errorCount" : 0,
    "errorPct" : 0.0,
    "meanResTime" : 27.419999999999984,
    "medianResTime" : 16.5,
    "minResTime" : 11.0,
    "maxResTime" : 73.0,
    "pct1ResTime" : 62.80000000000001,
    "pct2ResTime" : 64.0,
    "pct3ResTime" : 73.0,
    "throughput" : 28.256569652444195,
    "receivedKBytesPerSec" : 35.017174696241874,
    "sentKBytesPerSec" : 3.670042738061599
  },
  "Total" : {
    "transaction" : "Total",
    "sampleCount" : 300,
    "errorCount" : 0,
    "errorPct" : 0.0,
    "meanResTime" : 42.66000000000002,
    "medianResTime" : 22.0,
    "minResTime" : 11.0,
    "maxResTime" : 738.0,
    "pct1ResTime" : 71.90000000000003,
    "pct2ResTime" : 89.0,
    "pct3ResTime" : 538.0,
    "throughput" : 69.67022758941012,
    "receivedKBytesPerSec" : 55.51846261031119,
    "sentKBytesPerSec" : 9.525226428239666
  },
  "GET sessions" : {
    "transaction" : "GET sessions",
    "sampleCount" : 100,
    "errorCount" : 0,
    "errorPct" : 0.0,
    "meanResTime" : 41.05999999999999,
    "medianResTime" : 24.5,
    "minResTime" : 17.0,
    "maxResTime" : 114.0,
    "pct1ResTime" : 86.70000000000002,
    "pct2ResTime" : 104.0,
    "pct3ResTime" : 114.0,
    "throughput" : 28.604118993135014,
    "receivedKBytesPerSec" : 24.218526530320368,
    "sentKBytesPerSec" : 4.050387943363845
  },
  "GET overview" : {
    "transaction" : "GET overview",
    "sampleCount" : 100,
    "errorCount" : 0,
    "errorPct" : 0.0,
    "meanResTime" : 59.49999999999998,
    "medianResTime" : 20.5,
    "minResTime" : 12.0,
    "maxResTime" : 738.0,
    "pct1ResTime" : 80.00000000000006,
    "pct2ResTime" : 174.0,
    "pct3ResTime" : 738.0,
    "throughput" : 23.408239700374533,
    "receivedKBytesPerSec" : 7.132198033707865,
    "sentKBytesPerSec" : 3.2460644897003745
  }
}