{
  "GET slots" : {
    "transaction" : "GET slots",
    "sampleCount" : 50,
    "errorCount" : 0,
    "errorPct" : 0.0,
    "meanResTime" : 16.080000000000002,
    "medianResTime" : 12.0,
    "minResTime" : 10.0,
    "maxResTime" : 54.0,
    "pct1ResTime" : 31.099999999999987,
    "pct2ResTime" : 42.19999999999993,
    "pct3ResTime" : 54.0,
    "throughput" : 12.385434728758979,
    "receivedKBytesPerSec" : 15.30036614441417,
    "sentKBytesPerSec" : 1.6086550966063908
  },
  "Total" : {
    "transaction" : "Total",
    "sampleCount" : 150,
    "errorCount" : 0,
    "errorPct" : 0.0,
    "meanResTime" : 21.186666666666664,
    "medianResTime" : 15.0,
    "minResTime" : 10.0,
    "maxResTime" : 371.0,
    "pct1ResTime" : 27.80000000000001,
    "pct2ResTime" : 44.499999999999886,
    "pct3ResTime" : 252.6800000000021,
    "throughput" : 33.86004514672687,
    "receivedKBytesPerSec" : 24.89903710496614,
    "sentKBytesPerSec" : 4.629303047404063
  },
  "GET sessions" : {
    "transaction" : "GET sessions",
    "sampleCount" : 50,
    "errorCount" : 0,
    "errorPct" : 0.0,
    "meanResTime" : 22.279999999999998,
    "medianResTime" : 16.5,
    "minResTime" : 14.0,
    "maxResTime" : 94.0,
    "pct1ResTime" : 32.9,
    "pct2ResTime" : 69.34999999999982,
    "pct3ResTime" : 94.0,
    "throughput" : 12.5,
    "receivedKBytesPerSec" : 8.3251953125,
    "sentKBytesPerSec" : 1.77001953125
  },
  "GET overview" : {
    "transaction" : "GET overview",
    "sampleCount" : 50,
    "errorCount" : 0,
    "errorPct" : 0.0,
    "meanResTime" : 25.199999999999996,
    "medianResTime" : 14.0,
    "minResTime" : 12.0,
    "maxResTime" : 371.0,
    "pct1ResTime" : 22.9,
    "pct2ResTime" : 82.89999999999957,
    "pct3ResTime" : 371.0,
    "throughput" : 11.361054305839582,
    "receivedKBytesPerSec" : 3.461571233810498,
    "sentKBytesPerSec" : 1.5754587025675983
  }
}